-- phpMyAdmin SQL Dump
-- version 5.2.0
-- https://www.phpmyadmin.net/
--
-- Host: localhost:3306
-- Generation Time: Nov 13, 2025 at 10:00 PM
-- Server version: 8.0.30
-- PHP Version: 8.1.10

SET SQL_MODE = "NO_AUTO_VALUE_ON_ZERO";
START TRANSACTION;
SET time_zone = "+00:00";


/*!40101 SET @OLD_CHARACTER_SET_CLIENT=@@CHARACTER_SET_CLIENT */;
/*!40101 SET @OLD_CHARACTER_SET_RESULTS=@@CHARACTER_SET_RESULTS */;
/*!40101 SET @OLD_COLLATION_CONNECTION=@@COLLATION_CONNECTION */;
/*!40101 SET NAMES utf8mb4 */;

--
-- Database: `db_perpustakaan`
--

-- --------------------------------------------------------

--
-- Table structure for table `admin`
--

CREATE TABLE `admin` (
  `id_admin` int NOT NULL,
  `email` varchar(20) COLLATE utf8mb4_general_ci NOT NULL,
  `username` varchar(10) COLLATE utf8mb4_general_ci NOT NULL,
  `password` varchar(128) COLLATE utf8mb4_general_ci NOT NULL,
  `nama_lengkap` varchar(20) COLLATE utf8mb4_general_ci NOT NULL
) ENGINE=InnoDB DEFAULT CHARSET=utf8mb4 COLLATE=utf8mb4_general_ci;

--
-- Dumping data for table `admin`
--

INSERT INTO `admin` (`id_admin`, `email`, `username`, `password`, `nama_lengkap`) VALUES
(1, 'admin@gmail.com', 'cicak', '819eaac91e2b3fb4fb5ee00549b5892d', 'cicak terbang');

-- --------------------------------------------------------

--
-- Table structure for table `anggota`
--

CREATE TABLE `anggota` (
  `id_anggota` int NOT NULL,
  `nama_lengkap` varchar(20) COLLATE utf8mb4_general_ci NOT NULL,
  `email` varchar(50) CHARACTER SET utf8mb4 COLLATE utf8mb4_general_ci NOT NULL,
  `password` varchar(128) COLLATE utf8mb4_general_ci NOT NULL,
  `alamat` varchar(30) COLLATE utf8mb4_general_ci NOT NULL,
  `no_telepon` varchar(50) COLLATE utf8mb4_general_ci NOT NULL,
  `foto_profil` varchar(255) COLLATE utf8mb4_general_ci NOT NULL
) ENGINE=InnoDB DEFAULT CHARSET=utf8mb4 COLLATE=utf8mb4_general_ci;

--
-- Dumping data for table `anggota`
--

INSERT INTO `anggota` (`id_anggota`, `nama_lengkap`, `email`, `password`, `alamat`, `no_telepon`, `foto_profil`) VALUES
(1, 'bahlil', 'bahlilterbang@gmail.com', '0c83d4d058185c1f947de769baa0c1af', 'pluto', '081122334455', '1763066942_bahlil.jpg.png'),
(2, 'bahlil', 'bahlilterbang@gmail.com', '0c83d4d058185c1f947de769baa0c1af', 'pluto', '081122334455', '1763070533_bahlil.jpg.png');

-- --------------------------------------------------------

--
-- Table structure for table `booking`
--

CREATE TABLE `booking` (
  `id_booking` int NOT NULL,
  `tanggal_booking` date NOT NULL,
  `status` varchar(15) COLLATE utf8mb4_general_ci NOT NULL,
  `id_anggota` int NOT NULL,
  `id_buku` int NOT NULL
) ENGINE=InnoDB DEFAULT CHARSET=utf8mb4 COLLATE=utf8mb4_general_ci;

-- --------------------------------------------------------

--
-- Table structure for table `buku`
--

CREATE TABLE `buku` (
  `id_buku` int NOT NULL,
  `judul` varchar(30) COLLATE utf8mb4_general_ci NOT NULL,
  `penulis` varchar(20) COLLATE utf8mb4_general_ci NOT NULL,
  `penerbit` varchar(20) COLLATE utf8mb4_general_ci NOT NULL,
  `tahun_terbit` int NOT NULL,
  `stok` int NOT NULL,
  `cover_buku` varchar(255) COLLATE utf8mb4_general_ci NOT NULL
) ENGINE=InnoDB DEFAULT CHARSET=utf8mb4 COLLATE=utf8mb4_general_ci;

--
-- Dumping data for table `buku`
--

INSERT INTO `buku` (`id_buku`, `judul`, `penulis`, `penerbit`, `tahun_terbit`, `stok`, `cover_buku`) VALUES
(1, 'Semangkuk mie ayam ', 'Brian Khrisna', 'Gramedia', 2025, 100, 'semangkungmieayam.jpeg'),
(2, '10 lokasi nasi kotak terbaik', 'bahlil', 'Gramedia', 2025, 1, 'kocheng.jpg'),
(3, 'cara cepat jadi kaya', 'asep', 'Gramedia', 2001, 1, 'caracepatjdikaya.jpeg'),
(4, '10 dosa besar J', 'wahyu', 'Gramedia', 2001, 1, 'cover_4.jpeg');

-- --------------------------------------------------------

--
-- Table structure for table `buku_kategori`
--

CREATE TABLE `buku_kategori` (
  `id_buku` int NOT NULL,
  `id_kategori` int NOT NULL
) ENGINE=InnoDB DEFAULT CHARSET=utf8mb4 COLLATE=utf8mb4_general_ci;

--
-- Dumping data for table `buku_kategori`
--

INSERT INTO `buku_kategori` (`id_buku`, `id_kategori`) VALUES
(4, 3),
(4, 4),
(1, 3),
(1, 1),
(2, 5),
(2, 3),
(3, 1);

-- --------------------------------------------------------

--
-- Table structure for table `kategori`
--

CREATE TABLE `kategori` (
  `id_kategori` int NOT NULL,
  `nama_kategori` varchar(20) COLLATE utf8mb4_general_ci NOT NULL
) ENGINE=InnoDB DEFAULT CHARSET=utf8mb4 COLLATE=utf8mb4_general_ci;

--
-- Dumping data for table `kategori`
--

INSERT INTO `kategori` (`id_kategori`, `nama_kategori`) VALUES
(1, 'fiksi'),
(2, 'action'),
(3, 'fantasy'),
(4, 'sci-fi'),
(5, 'adventure'),
(6, 'romance'),
(7, 'comedy');

-- --------------------------------------------------------

--
-- Table structure for table `peminjaman`
--

CREATE TABLE `peminjaman` (
  `id_peminjaman` int NOT NULL,
  `tanggal_pinjam` date NOT NULL,
  `tanggal_kembali` date NOT NULL,
  `status` varchar(20) COLLATE utf8mb4_general_ci NOT NULL,
  `id_anggota` int NOT NULL,
  `id_buku` int NOT NULL
) ENGINE=InnoDB DEFAULT CHARSET=utf8mb4 COLLATE=utf8mb4_general_ci;

--
-- Indexes for dumped tables
--

--
-- Indexes for table `admin`
--
ALTER TABLE `admin`
  ADD PRIMARY KEY (`id_admin`);

--
-- Indexes for table `anggota`
--
ALTER TABLE `anggota`
  ADD PRIMARY KEY (`id_anggota`);

--
-- Indexes for table `booking`
--
ALTER TABLE `booking`
  ADD PRIMARY KEY (`id_booking`),
  ADD KEY `booking_buku_fk` (`id_buku`),
  ADD KEY `booking_anggota_fk` (`id_anggota`);

--
-- Indexes for table `buku`
--
ALTER TABLE `buku`
  ADD PRIMARY KEY (`id_buku`);

--
-- Indexes for table `buku_kategori`
--
ALTER TABLE `buku_kategori`
  ADD KEY `kategori_buku_fk` (`id_buku`),
  ADD KEY `kategori_id_fk` (`id_kategori`);

--
-- Indexes for table `kategori`
--
ALTER TABLE `kategori`
  ADD PRIMARY KEY (`id_kategori`);

--
-- Indexes for table `peminjaman`
--
ALTER TABLE `peminjaman`
  ADD KEY `peminjaman_anggota_fk` (`id_anggota`),
  ADD KEY `peminjaman_buku_fk` (`id_buku`);

--
-- AUTO_INCREMENT for dumped tables
--

--
-- AUTO_INCREMENT for table `admin`
--
ALTER TABLE `admin`
  MODIFY `id_admin` int NOT NULL AUTO_INCREMENT, AUTO_INCREMENT=2;

--
-- AUTO_INCREMENT for table `anggota`
--
ALTER TABLE `anggota`
  MODIFY `id_anggota` int NOT NULL AUTO_INCREMENT, AUTO_INCREMENT=3;

--
-- AUTO_INCREMENT for table `booking`
--
ALTER TABLE `booking`
  MODIFY `id_booking` int NOT NULL AUTO_INCREMENT;

--
-- AUTO_INCREMENT for table `buku`
--
ALTER TABLE `buku`
  MODIFY `id_buku` int NOT NULL AUTO_INCREMENT, AUTO_INCREMENT=5;

--
-- AUTO_INCREMENT for table `kategori`
--
ALTER TABLE `kategori`
  MODIFY `id_kategori` int NOT NULL AUTO_INCREMENT, AUTO_INCREMENT=8;

--
-- Constraints for dumped tables
--

--
-- Constraints for table `booking`
--
ALTER TABLE `booking`
  ADD CONSTRAINT `booking_anggota_fk` FOREIGN KEY (`id_anggota`) REFERENCES `anggota` (`id_anggota`) ON DELETE CASCADE ON UPDATE CASCADE,
  ADD CONSTRAINT `booking_buku_fk` FOREIGN KEY (`id_buku`) REFERENCES `buku` (`id_buku`) ON DELETE CASCADE ON UPDATE CASCADE;

--
-- Constraints for table `buku_kategori`
--
ALTER TABLE `buku_kategori`
  ADD CONSTRAINT `kategori_buku_fk` FOREIGN KEY (`id_buku`) REFERENCES `buku` (`id_buku`) ON DELETE CASCADE ON UPDATE CASCADE,
  ADD CONSTRAINT `kategori_id_fk` FOREIGN KEY (`id_kategori`) REFERENCES `kategori` (`id_kategori`) ON DELETE CASCADE ON UPDATE CASCADE;

--
-- Constraints for table `peminjaman`
--
ALTER TABLE `peminjaman`
  ADD CONSTRAINT `peminjaman_anggota_fk` FOREIGN KEY (`id_anggota`) REFERENCES `anggota` (`id_anggota`) ON DELETE CASCADE ON UPDATE CASCADE,
  ADD CONSTRAINT `peminjaman_buku_fk` FOREIGN KEY (`id_buku`) REFERENCES `buku` (`id_buku`) ON DELETE CASCADE ON UPDATE CASCADE;
COMMIT;

/*!40101 SET CHARACTER_SET_CLIENT=@OLD_CHARACTER_SET_CLIENT */;
/*!40101 SET CHARACTER_SET_RESULTS=@OLD_CHARACTER_SET_RESULTS */;
/*!40101 SET COLLATION_CONNECTION=@OLD_COLLATION_CONNECTION */;
